elapsed_s,connected,reconnects,last_frame_age_s,capture_fps,detection_fps,degraded,workers,det_frames,det_exceptions,det_avg_latency,rec_identified,rec_exceptions
2.1,True,0,0.039,15.21,12.0,False,"{""capture"": ""running"", ""detector"": ""running"", ""streaming"": ""running"", ""recording"": ""running"", ""recognition"": ""running""}",197,0,0.0474,0,0
24.1,True,0,0.04,14.78,12.0,False,"{""capture"": ""running"", ""detector"": ""running"", ""streaming"": ""running"", ""recording"": ""running"", ""recognition"": ""running""}",350,0,0.0414,0,0
46.2,True,0,0.014,14.83,12.0,False,"{""capture"": ""running"", ""detector"": ""running"", ""streaming"": ""running"", ""recording"": ""running"", ""recognition"": ""running""}",536,0,0.0478,0,0
68.2,True,0,0.029,15.15,12.0,False,"{""capture"": ""running"", ""detector"": ""running"", ""streaming"": ""running"", ""recording"": ""running"", ""recognition"": ""running""}",715,0,0.0407,0,0
90.3,True,0,0.078,14.85,12.0,False,"{""capture"": ""running"", ""detector"": ""running"", ""streaming"": ""running"", ""recording"": ""running"", ""recognition"": ""running""}",899,0,0.0467,0,0
112.3,True,0,0.012,15.17,12.0,False,"{""capture"": ""running"", ""detector"": ""running"", ""streaming"": ""running"", ""recording"": ""running"", ""recognition"": ""running""}",1078,0,0.0565,0,0
134.4,True,0,0.01,14.8,12.0,False,"{""capture"": ""running"", ""detector"": ""running"", ""streaming"": ""running"", ""recording"": ""running"", ""recognition"": ""running""}",1257,0,0.0465,0,0
156.4,True,0,0.062,14.89,12.0,False,"{""capture"": ""running"", ""detector"": ""running"", ""streaming"": ""running"", ""recording"": ""running"", ""recognition"": ""running""}",1438,0,0.0482,0,0
178.4,True,0,0.057,14.9,12.0,False,"{""capture"": ""running"", ""detector"": ""running"", ""streaming"": ""running"", ""recording"": ""running"", ""recognition"": ""running""}",1619,0,0.0462,0,0
200.4,True,0,0.016,14.89,12.0,False,"{""capture"": ""running"", ""detector"": ""running"", ""streaming"": ""running"", ""recording"": ""running"", ""recognition"": ""running""}",1794,0,0.0438,0,0
222.5,True,0,0.015,15.17,12.0,False,"{""capture"": ""running"", ""detector"": ""running"", ""streaming"": ""running"", ""recording"": ""running"", ""recognition"": ""running""}",1974,0,0.0387,0,0
244.5,True,0,0.064,14.92,12.0,False,"{""capture"": ""running"", ""detector"": ""running"", ""streaming"": ""running"", ""recording"": ""running"", ""recognition"": ""running""}",2153,0,0.0416,0,0
266.6,True,0,0.094,14.89,12.0,False,"{""capture"": ""running"", ""detector"": ""running"", ""streaming"": ""running"", ""recording"": ""running"", ""recognition"": ""running""}",2337,0,0.0465,0,0
288.6,True,0,0.068,15.1,12.0,False,"{""capture"": ""running"", ""detector"": ""running"", ""streaming"": ""running"", ""recording"": ""running"", ""recognition"": ""running""}",2516,0,0.047,0,0
310.7,True,0,0.061,15.23,12.0,False,"{""capture"": ""running"", ""detector"": ""running"", ""streaming"": ""running"", ""recording"": ""running"", ""recognition"": ""running""}",2694,0,0.0486,0,0
332.7,True,0,0.045,14.63,12.0,False,"{""capture"": ""running"", ""detector"": ""running"", ""streaming"": ""running"", ""recording"": ""running"", ""recognition"": ""running""}",2880,0,0.0489,0,0
354.8,True,0,0.057,15.17,12.0,False,"{""capture"": ""running"", ""detector"": ""running"", ""streaming"": ""running"", ""recording"": ""running"", ""recognition"": ""running""}",3065,0,0.0536,0,0
376.8,True,0,0.062,14.99,12.0,False,"{""capture"": ""running"", ""detector"": ""running"", ""streaming"": ""running"", ""recording"": ""running"", ""recognition"": ""running""}",3244,0,0.0442,0,0
398.8,True,0,0.036,15.53,12.0,False,"{""capture"": ""running"", ""detector"": ""running"", ""streaming"": ""running"", ""recording"": ""running"", ""recognition"": ""running""}",3425,0,0.0452,0,0
420.8,True,0,0.027,14.84,12.0,False,"{""capture"": ""running"", ""detector"": ""running"", ""streaming"": ""running"", ""recording"": ""running"", ""recognition"": ""running""}",3606,0,0.0479,0,0
442.9,True,0,0.041,14.64,12.0,False,"{""capture"": ""running"", ""detector"": ""running"", ""streaming"": ""running"", ""recording"": ""running"", ""recognition"": ""running""}",3787,0,0.0468,0,0
464.9,True,0,0.08,15.04,12.0,False,"{""capture"": ""running"", ""detector"": ""running"", ""streaming"": ""running"", ""recording"": ""running"", ""recognition"": ""running""}",3967,0,0.0455,0,0
487.0,True,0,0.003,14.57,12.0,False,"{""capture"": ""running"", ""detector"": ""running"", ""streaming"": ""running"", ""recording"": ""running"", ""recognition"": ""running""}",4143,0,0.0407,0,0
509.0,True,0,0.047,14.88,12.0,False,"{""capture"": ""running"", ""detector"": ""running"", ""streaming"": ""running"", ""recording"": ""running"", ""recognition"": ""running""}",4326,0,0.0468,0,0
531.0,True,0,0.028,15.03,12.0,False,"{""capture"": ""running"", ""detector"": ""running"", ""streaming"": ""running"", ""recording"": ""running"", ""recognition"": ""running""}",4498,0,0.0348,0,0
553.0,True,0,0.049,15.4,12.0,False,"{""capture"": ""running"", ""detector"": ""running"", ""streaming"": ""running"", ""recording"": ""running"", ""recognition"": ""running""}",4680,0,0.0346,0,0
575.1,True,0,0.015,14.89,12.0,False,"{""capture"": ""running"", ""detector"": ""running"", ""streaming"": ""running"", ""recording"": ""running"", ""recognition"": ""running""}",4861,0,0.0408,0,0
597.1,True,0,0.014,15.19,12.0,False,"{""capture"": ""running"", ""detector"": ""running"", ""streaming"": ""running"", ""recording"": ""running"", ""recognition"": ""running""}",5042,0,0.0364,0,0
619.1,True,0,0.007,14.96,12.0,False,"{""capture"": ""running"", ""detector"": ""running"", ""streaming"": ""running"", ""recording"": ""running"", ""recognition"": ""running""}",5225,0,0.0356,0,0
641.1,True,0,0.037,15.26,12.0,False,"{""capture"": ""running"", ""detector"": ""running"", ""streaming"": ""running"", ""recording"": ""running"", ""recognition"": ""running""}",5405,0,0.0327,0,0
663.2,True,0,0.012,14.92,12.0,False,"{""capture"": ""running"", ""detector"": ""running"", ""streaming"": ""running"", ""recording"": ""running"", ""recognition"": ""running""}",5548,0,0.0411,0,0
685.2,True,0,0.07,15.32,12.0,False,"{""capture"": ""running"", ""detector"": ""running"", ""streaming"": ""running"", ""recording"": ""running"", ""recognition"": ""running""}",5731,0,0.0417,0,0
707.2,True,0,0.061,15.14,12.0,False,"{""capture"": ""running"", ""detector"": ""running"", ""streaming"": ""running"", ""recording"": ""running"", ""recognition"": ""running""}",5908,0,0.0449,0,0
729.2,True,0,0.021,15.5,12.0,False,"{""capture"": ""running"", ""detector"": ""running"", ""streaming"": ""running"", ""recording"": ""running"", ""recognition"": ""running""}",6088,0,0.0467,0,0
751.3,True,0,0.013,15.04,12.0,False,"{""capture"": ""running"", ""detector"": ""running"", ""streaming"": ""running"", ""recording"": ""running"", ""recognition"": ""running""}",6268,0,0.0439,0,0
773.3,True,0,0.026,14.83,12.0,False,"{""capture"": ""running"", ""detector"": ""running"", ""streaming"": ""running"", ""recording"": ""running"", ""recognition"": ""running""}",6453,0,0.0488,0,0
795.4,True,0,0.01,14.85,12.0,False,"{""capture"": ""running"", ""detector"": ""running"", ""streaming"": ""running"", ""recording"": ""running"", ""recognition"": ""running""}",6635,0,0.0442,0,0
817.4,True,0,0.065,15.14,12.0,False,"{""capture"": ""running"", ""detector"": ""running"", ""streaming"": ""running"", ""recording"": ""running"", ""recognition"": ""running""}",6815,0,0.0458,0,0
839.4,True,0,0.045,14.85,12.0,False,"{""capture"": ""running"", ""detector"": ""running"", ""streaming"": ""running"", ""recording"": ""running"", ""recognition"": ""running""}",6997,0,0.0451,0,0
861.5,True,0,0.064,15.19,12.0,False,"{""capture"": ""running"", ""detector"": ""running"", ""streaming"": ""running"", ""recording"": ""running"", ""recognition"": ""running""}",7182,0,0.0447,0,0
883.6,True,0,0.012,14.8,12.0,False,"{""capture"": ""running"", ""detector"": ""running"", ""streaming"": ""running"", ""recording"": ""running"", ""recognition"": ""running""}",7363,0,0.0462,0,0
905.6,True,0,0.02,15.03,12.0,False,"{""capture"": ""running"", ""detector"": ""running"", ""streaming"": ""running"", ""recording"": ""running"", ""recognition"": ""running""}",7545,0,0.0487,0,0
927.6,True,0,0.049,15.09,12.0,False,"{""capture"": ""running"", ""detector"": ""running"", ""streaming"": ""running"", ""recording"": ""running"", ""recognition"": ""running""}",7726,0,0.0466,0,0
949.7,True,0,0.028,14.78,12.0,False,"{""capture"": ""running"", ""detector"": ""running"", ""streaming"": ""running"", ""recording"": ""running"", ""recognition"": ""running""}",7906,0,0.0441,0,0
971.7,True,0,0.015,15.32,12.0,False,"{""capture"": ""running"", ""detector"": ""running"", ""streaming"": ""running"", ""recording"": ""running"", ""recognition"": ""running""}",8089,0,0.0446,0,0
993.7,True,0,0.03,15.25,12.0,False,"{""capture"": ""running"", ""detector"": ""running"", ""streaming"": ""running"", ""recording"": ""running"", ""recognition"": ""running""}",8271,0,0.0484,0,0
1015.8,True,0,0.03,15.08,12.0,False,"{""capture"": ""running"", ""detector"": ""running"", ""streaming"": ""running"", ""recording"": ""running"", ""recognition"": ""running""}",8451,0,0.0472,0,0
1037.8,True,0,0.075,15.21,12.0,False,"{""capture"": ""running"", ""detector"": ""running"", ""streaming"": ""running"", ""recording"": ""running"", ""recognition"": ""running""}",8631,0,0.0438,0,0
1059.9,True,0,0.051,15.34,12.0,False,"{""capture"": ""running"", ""detector"": ""running"", ""streaming"": ""running"", ""recording"": ""running"", ""recognition"": ""running""}",8812,0,0.0438,0,0
1081.9,True,0,0.01,15.11,12.0,False,"{""capture"": ""running"", ""detector"": ""running"", ""streaming"": ""running"", ""recording"": ""running"", ""recognition"": ""running""}",8993,0,0.0457,0,0
1103.9,True,0,0.013,15.06,12.0,False,"{""capture"": ""running"", ""detector"": ""running"", ""streaming"": ""running"", ""recording"": ""running"", ""recognition"": ""running""}",9174,0,0.0411,0,0
1126.0,True,0,0.047,15.01,12.0,False,"{""capture"": ""running"", ""detector"": ""running"", ""streaming"": ""running"", ""recording"": ""running"", ""recognition"": ""running""}",9359,0,0.0415,0,0
1148.0,True,0,0.013,15.2,12.0,False,"{""capture"": ""running"", ""detector"": ""running"", ""streaming"": ""running"", ""recording"": ""running"", ""recognition"": ""running""}",9541,0,0.0479,0,0
1170.0,True,0,0.077,14.79,12.0,False,"{""capture"": ""running"", ""detector"": ""running"", ""streaming"": ""running"", ""recording"": ""running"", ""recognition"": ""running""}",9727,0,0.0497,0,0
1192.1,True,0,0.046,14.75,12.0,False,"{""capture"": ""running"", ""detector"": ""running"", ""streaming"": ""running"", ""recording"": ""running"", ""recognition"": ""running""}",9909,0,0.0472,0,0
1214.1,True,0,0.043,15.24,12.0,False,"{""capture"": ""running"", ""detector"": ""running"", ""streaming"": ""running"", ""recording"": ""running"", ""recognition"": ""running""}",10093,0,0.0426,0,0
1236.2,True,0,0.002,15.13,12.0,False,"{""capture"": ""running"", ""detector"": ""running"", ""streaming"": ""running"", ""recording"": ""running"", ""recognition"": ""running""}",10269,0,0.0462,0,0
1258.2,True,0,0.026,15.36,12.0,False,"{""capture"": ""running"", ""detector"": ""running"", ""streaming"": ""running"", ""recording"": ""running"", ""recognition"": ""running""}",10451,0,0.0481,0,0
1280.2,True,0,0.045,15.18,12.0,False,"{""capture"": ""running"", ""detector"": ""running"", ""streaming"": ""running"", ""recording"": ""running"", ""recognition"": ""running""}",10633,0,0.0443,0,0
1302.3,True,0,0.055,15.12,12.0,False,"{""capture"": ""running"", ""detector"": ""running"", ""streaming"": ""running"", ""recording"": ""running"", ""recognition"": ""running""}",10814,0,0.047,0,0
1324.3,True,0,0.037,14.75,12.0,False,"{""capture"": ""running"", ""detector"": ""running"", ""streaming"": ""running"", ""recording"": ""running"", ""recognition"": ""running""}",10992,0,0.0494,0,0
1346.3,True,0,0.029,15.2,12.0,False,"{""capture"": ""running"", ""detector"": ""running"", ""streaming"": ""running"", ""recording"": ""running"", ""recognition"": ""running""}",11173,0,0.0429,0,0
1368.4,True,0,0.056,14.83,12.0,False,"{""capture"": ""running"", ""detector"": ""running"", ""streaming"": ""running"", ""recording"": ""running"", ""recognition"": ""running""}",11356,0,0.0471,0,0
1390.4,True,0,0.025,15.53,12.0,False,"{""capture"": ""running"", ""detector"": ""running"", ""streaming"": ""running"", ""recording"": ""running"", ""recognition"": ""running""}",11535,0,0.0399,0,0
1412.4,True,0,0.044,14.55,12.0,False,"{""capture"": ""running"", ""detector"": ""running"", ""streaming"": ""running"", ""recording"": ""running"", ""recognition"": ""running""}",11718,0,0.0463,0,0
1434.5,True,0,0.045,15.32,12.0,False,"{""capture"": ""running"", ""detector"": ""running"", ""streaming"": ""running"", ""recording"": ""running"", ""recognition"": ""running""}",11899,0,0.0394,0,0
1456.5,True,0,0.059,14.95,12.0,False,"{""capture"": ""running"", ""detector"": ""running"", ""streaming"": ""running"", ""recording"": ""running"", ""recognition"": ""running""}",12081,0,0.0451,0,0
1478.5,True,0,0.02,14.89,12.0,False,"{""capture"": ""running"", ""detector"": ""running"", ""streaming"": ""running"", ""recording"": ""running"", ""recognition"": ""running""}",12262,0,0.0422,0,0
1500.5,True,0,0.028,14.98,12.0,False,"{""capture"": ""running"", ""detector"": ""running"", ""streaming"": ""running"", ""recording"": ""running"", ""recognition"": ""running""}",12445,0,0.0479,0,0
1522.6,True,0,0.076,15.05,12.0,False,"{""capture"": ""running"", ""detector"": ""running"", ""streaming"": ""running"", ""recording"": ""running"", ""recognition"": ""running""}",12627,0,0.0467,0,0
1544.6,True,0,0.107,15.14,12.0,False,"{""capture"": ""running"", ""detector"": ""running"", ""streaming"": ""running"", ""recording"": ""running"", ""recognition"": ""running""}",12807,0,0.0492,0,0
1566.6,True,0,0.03,14.82,12.0,False,"{""capture"": ""running"", ""detector"": ""running"", ""streaming"": ""running"", ""recording"": ""running"", ""recognition"": ""running""}",12991,0,0.0469,0,0
1588.7,True,0,0.022,15.14,12.0,False,"{""capture"": ""running"", ""detector"": ""running"", ""streaming"": ""running"", ""recording"": ""running"", ""recognition"": ""running""}",13173,0,0.0477,0,0
1610.7,True,0,0.047,14.69,12.0,False,"{""capture"": ""running"", ""detector"": ""running"", ""streaming"": ""running"", ""recording"": ""running"", ""recognition"": ""running""}",13355,0,0.0549,0,0
1632.8,True,0,0.025,14.68,12.0,False,"{""capture"": ""running"", ""detector"": ""running"", ""streaming"": ""running"", ""recording"": ""running"", ""recognition"": ""running""}",13543,0,0.045,0,0
1654.8,True,0,0.028,15.11,12.0,False,"{""capture"": ""running"", ""detector"": ""running"", ""streaming"": ""running"", ""recording"": ""running"", ""recognition"": ""running""}",13723,0,0.0438,0,0
1676.8,True,0,0.044,14.97,12.0,False,"{""capture"": ""running"", ""detector"": ""running"", ""streaming"": ""running"", ""recording"": ""running"", ""recognition"": ""running""}",13902,0,0.0457,0,0
1698.9,True,0,0.096,15.15,12.0,False,"{""capture"": ""running"", ""detector"": ""running"", ""streaming"": ""running"", ""recording"": ""running"", ""recognition"": ""running""}",14078,0,0.0465,0,0
1720.9,True,0,0.046,14.56,12.0,False,"{""capture"": ""running"", ""detector"": ""running"", ""streaming"": ""running"", ""recording"": ""running"", ""recognition"": ""running""}",14259,0,0.0453,0,0
1742.9,True,0,0.029,15.1,12.0,False,"{""capture"": ""running"", ""detector"": ""running"", ""streaming"": ""running"", ""recording"": ""running"", ""recognition"": ""running""}",14439,0,0.0445,0,0
1765.0,True,0,0.049,15.24,12.0,False,"{""capture"": ""running"", ""detector"": ""running"", ""streaming"": ""running"", ""recording"": ""running"", ""recognition"": ""running""}",14623,0,0.0413,0,0
1787.0,True,0,0.028,15.19,12.0,False,"{""capture"": ""running"", ""detector"": ""running"", ""streaming"": ""running"", ""recording"": ""running"", ""recognition"": ""running""}",14804,0,0.0474,0,0
1809.0,True,0,0.031,14.72,12.0,False,"{""capture"": ""running"", ""detector"": ""running"", ""streaming"": ""running"", ""recording"": ""running"", ""recognition"": ""running""}",14983,0,0.0503,0,0
1831.0,True,0,0.03,15.26,12.0,False,"{""capture"": ""running"", ""detector"": ""running"", ""streaming"": ""running"", ""recording"": ""running"", ""recognition"": ""running""}",15164,0,0.0458,0,0
1853.0,True,0,0.03,14.95,12.0,False,"{""capture"": ""running"", ""detector"": ""running"", ""streaming"": ""running"", ""recording"": ""running"", ""recognition"": ""running""}",15346,0,0.0465,0,0
1875.1,True,0,0.028,14.85,12.0,False,"{""capture"": ""running"", ""detector"": ""running"", ""streaming"": ""running"", ""recording"": ""running"", ""recognition"": ""running""}",15530,0,0.0536,0,0
1897.1,True,0,0.012,14.6,12.0,False,"{""capture"": ""running"", ""detector"": ""running"", ""streaming"": ""running"", ""recording"": ""running"", ""recognition"": ""running""}",15711,0,0.0479,0,0
1919.1,True,0,0.055,14.68,12.0,False,"{""capture"": ""running"", ""detector"": ""running"", ""streaming"": ""running"", ""recording"": ""running"", ""recognition"": ""running""}",15894,0,0.0456,0,0
1941.1,True,0,0.007,14.89,12.0,False,"{""capture"": ""running"", ""detector"": ""running"", ""streaming"": ""running"", ""recording"": ""running"", ""recognition"": ""running""}",16077,0,0.0478,0,0
1963.2,True,0,0.055,14.79,12.0,False,"{""capture"": ""running"", ""detector"": ""running"", ""streaming"": ""running"", ""recording"": ""running"", ""recognition"": ""running""}",16259,0,0.0496,0,0
1985.2,True,0,0.091,14.88,12.0,False,"{""capture"": ""running"", ""detector"": ""running"", ""streaming"": ""running"", ""recording"": ""running"", ""recognition"": ""running""}",16445,0,0.0441,0,0
2007.2,True,0,0.02,14.97,12.0,False,"{""capture"": ""running"", ""detector"": ""running"", ""streaming"": ""running"", ""recording"": ""running"", ""recognition"": ""running""}",16629,0,0.0424,0,0
2029.3,True,0,0.044,15.44,12.0,False,"{""capture"": ""running"", ""detector"": ""running"", ""streaming"": ""running"", ""recording"": ""running"", ""recognition"": ""running""}",16813,0,0.0464,0,0
2051.3,True,0,0.015,14.68,12.0,False,"{""capture"": ""running"", ""detector"": ""running"", ""streaming"": ""running"", ""recording"": ""running"", ""recognition"": ""running""}",16993,0,0.0406,0,0
2073.3,True,0,0.015,15.13,12.0,False,"{""capture"": ""running"", ""detector"": ""running"", ""streaming"": ""running"", ""recording"": ""running"", ""recognition"": ""running""}",17174,0,0.0455,0,0
2095.3,True,0,0.029,14.81,12.0,False,"{""capture"": ""running"", ""detector"": ""running"", ""streaming"": ""running"", ""recording"": ""running"", ""recognition"": ""running""}",17358,0,0.0529,0,0
2117.4,True,0,0.046,15.12,12.0,False,"{""capture"": ""running"", ""detector"": ""running"", ""streaming"": ""running"", ""recording"": ""running"", ""recognition"": ""running""}",17541,0,0.0556,0,0
2139.4,True,0,0.05,14.89,12.0,False,"{""capture"": ""running"", ""detector"": ""running"", ""streaming"": ""running"", ""recording"": ""running"", ""recognition"": ""running""}",17725,0,0.0467,0,0
2161.5,True,0,0.025,15.14,12.0,False,"{""capture"": ""running"", ""detector"": ""running"", ""streaming"": ""running"", ""recording"": ""running"", ""recognition"": ""running""}",17906,0,0.058,0,0
2183.5,True,0,0.05,15.2,12.0,False,"{""capture"": ""running"", ""detector"": ""running"", ""streaming"": ""running"", ""recording"": ""running"", ""recognition"": ""running""}",18088,0,0.0421,0,0
2205.5,True,0,0.008,15.45,12.0,False,"{""capture"": ""running"", ""detector"": ""running"", ""streaming"": ""running"", ""recording"": ""running"", ""recognition"": ""running""}",18268,0,0.0458,0,0
2227.6,True,0,0.013,15.04,12.0,False,"{""capture"": ""running"", ""detector"": ""running"", ""streaming"": ""running"", ""recording"": ""running"", ""recognition"": ""running""}",18448,0,0.0412,0,0
2249.6,True,0,0.053,15.19,12.0,False,"{""capture"": ""running"", ""detector"": ""running"", ""streaming"": ""running"", ""recording"": ""running"", ""recognition"": ""running""}",18625,0,0.0466,0,0
2271.6,True,0,0.052,15.1,12.0,False,"{""capture"": ""running"", ""detector"": ""running"", ""streaming"": ""running"", ""recording"": ""running"", ""recognition"": ""running""}",18808,0,0.0469,0,0
2293.7,True,0,0.023,14.85,12.0,False,"{""capture"": ""running"", ""detector"": ""running"", ""streaming"": ""running"", ""recording"": ""running"", ""recognition"": ""running""}",18989,0,0.0467,0,0
2315.7,True,0,0.046,15.17,12.0,False,"{""capture"": ""running"", ""detector"": ""running"", ""streaming"": ""running"", ""recording"": ""running"", ""recognition"": ""running""}",19171,0,0.0436,0,0
2337.7,True,0,0.047,14.64,12.0,False,"{""capture"": ""running"", ""detector"": ""running"", ""streaming"": ""running"", ""recording"": ""running"", ""recognition"": ""running""}",19354,0,0.0455,0,0
2359.8,True,0,0.012,14.82,12.0,False,"{""capture"": ""running"", ""detector"": ""running"", ""streaming"": ""running"", ""recording"": ""running"", ""recognition"": ""running""}",19535,0,0.0412,0,0
2381.8,True,0,0.011,14.92,12.0,False,"{""capture"": ""running"", ""detector"": ""running"", ""streaming"": ""running"", ""recording"": ""running"", ""recognition"": ""running""}",19711,0,0.0478,0,0
2403.8,True,0,0.043,15.15,12.0,False,"{""capture"": ""running"", ""detector"": ""running"", ""streaming"": ""running"", ""recording"": ""running"", ""recognition"": ""running""}",19894,0,0.0459,0,0
2425.9,True,0,0.039,14.88,12.0,False,"{""capture"": ""running"", ""detector"": ""running"", ""streaming"": ""running"", ""recording"": ""running"", ""recognition"": ""running""}",20084,0,0.046,0,0
2447.9,True,0,0.076,15.37,12.0,False,"{""capture"": ""running"", ""detector"": ""running"", ""streaming"": ""running"", ""recording"": ""running"", ""recognition"": ""running""}",20267,0,0.0468,0,0
2470.0,True,0,0.044,14.49,12.0,False,"{""capture"": ""running"", ""detector"": ""running"", ""streaming"": ""running"", ""recording"": ""running"", ""recognition"": ""running""}",20449,0,0.0473,0,0
2492.0,True,0,0.038,14.79,12.0,False,"{""capture"": ""running"", ""detector"": ""running"", ""streaming"": ""running"", ""recording"": ""running"", ""recognition"": ""running""}",20633,0,0.0453,0,0
2514.1,True,0,0.013,14.79,12.0,False,"{""capture"": ""running"", ""detector"": ""running"", ""streaming"": ""running"", ""recording"": ""running"", ""recognition"": ""running""}",20820,0,0.049,0,0
2536.1,True,0,0.047,15.09,12.0,False,"{""capture"": ""running"", ""detector"": ""running"", ""streaming"": ""running"", ""recording"": ""running"", ""recognition"": ""running""}",21009,0,0.0458,0,0
2558.1,True,0,0.041,14.75,12.0,False,"{""capture"": ""running"", ""detector"": ""running"", ""streaming"": ""running"", ""recording"": ""running"", ""recognition"": ""running""}",21188,0,0.0399,0,0
2580.1,True,0,0.03,14.93,12.0,False,"{""capture"": ""running"", ""detector"": ""running"", ""streaming"": ""running"", ""recording"": ""running"", ""recognition"": ""running""}",21370,0,0.0461,0,0
2602.2,True,0,0.119,15.09,12.0,False,"{""capture"": ""running"", ""detector"": ""running"", ""streaming"": ""running"", ""recording"": ""running"", ""recognition"": ""running""}",21550,0,0.0476,0,0
2624.2,True,0,0.053,15.08,12.0,False,"{""capture"": ""running"", ""detector"": ""running"", ""streaming"": ""running"", ""recording"": ""running"", ""recognition"": ""running""}",21735,0,0.0476,0,0
2646.2,True,0,0.03,15.33,12.0,False,"{""capture"": ""running"", ""detector"": ""running"", ""streaming"": ""running"", ""recording"": ""running"", ""recognition"": ""running""}",21916,0,0.0459,0,0
2668.3,True,0,0.009,14.94,12.0,False,"{""capture"": ""running"", ""detector"": ""running"", ""streaming"": ""running"", ""recording"": ""running"", ""recognition"": ""running""}",22095,0,0.0433,0,0
2690.3,True,0,0.019,15.09,12.0,False,"{""capture"": ""running"", ""detector"": ""running"", ""streaming"": ""running"", ""recording"": ""running"", ""recognition"": ""running""}",22278,0,0.0472,0,0
2712.4,True,0,0.045,14.8,12.0,False,"{""capture"": ""running"", ""detector"": ""running"", ""streaming"": ""running"", ""recording"": ""running"", ""recognition"": ""running""}",22462,0,0.0438,0,0
2734.4,True,0,0.101,15.33,12.0,False,"{""capture"": ""running"", ""detector"": ""running"", ""streaming"": ""running"", ""recording"": ""running"", ""recognition"": ""running""}",22642,0,0.0472,0,0
2756.5,True,0,0.028,14.79,12.0,False,"{""capture"": ""running"", ""detector"": ""running"", ""streaming"": ""running"", ""recording"": ""running"", ""recognition"": ""running""}",22821,0,0.0464,0,0
2778.5,True,0,0.028,14.78,12.0,False,"{""capture"": ""running"", ""detector"": ""running"", ""streaming"": ""running"", ""recording"": ""running"", ""recognition"": ""running""}",23002,0,0.0459,0,0
2800.5,True,0,0.014,15.48,12.0,False,"{""capture"": ""running"", ""detector"": ""running"", ""streaming"": ""running"", ""recording"": ""running"", ""recognition"": ""running""}",23187,0,0.0452,0,0
2822.6,True,0,0.031,14.67,12.0,False,"{""capture"": ""running"", ""detector"": ""running"", ""streaming"": ""running"", ""recording"": ""running"", ""recognition"": ""running""}",23371,0,0.0429,0,0
2844.6,True,0,0.03,15.09,12.0,False,"{""capture"": ""running"", ""detector"": ""running"", ""streaming"": ""running"", ""recording"": ""running"", ""recognition"": ""running""}",23556,0,0.0429,0,0
2866.7,True,0,0.047,14.8,12.0,False,"{""capture"": ""running"", ""detector"": ""running"", ""streaming"": ""running"", ""recording"": ""running"", ""recognition"": ""running""}",23731,0,0.0466,0,0
2888.7,True,0,0.03,15.06,12.0,False,"{""capture"": ""running"", ""detector"": ""running"", ""streaming"": ""running"", ""recording"": ""running"", ""recognition"": ""running""}",23909,0,0.0397,0,0
2910.8,True,0,0.056,14.91,12.0,False,"{""capture"": ""running"", ""detector"": ""running"", ""streaming"": ""running"", ""recording"": ""running"", ""recognition"": ""running""}",24094,0,0.0423,0,0
2932.8,True,0,0.072,15.16,12.0,False,"{""capture"": ""running"", ""detector"": ""running"", ""streaming"": ""running"", ""recording"": ""running"", ""recognition"": ""running""}",24276,0,0.0474,0,0
2954.8,True,0,0.083,15.6,12.0,False,"{""capture"": ""running"", ""detector"": ""running"", ""streaming"": ""running"", ""recording"": ""running"", ""recognition"": ""running""}",24456,0,0.0445,0,0
2976.9,True,0,0.014,14.93,12.0,False,"{""capture"": ""running"", ""detector"": ""running"", ""streaming"": ""running"", ""recording"": ""running"", ""recognition"": ""running""}",24642,0,0.0465,0,0
2998.9,True,0,0.031,15.17,12.0,False,"{""capture"": ""running"", ""detector"": ""running"", ""streaming"": ""running"", ""recording"": ""running"", ""recognition"": ""running""}",24824,0,0.0427,0,0
3020.9,True,0,0.078,14.93,12.0,False,"{""capture"": ""running"", ""detector"": ""running"", ""streaming"": ""running"", ""recording"": ""running"", ""recognition"": ""running""}",25006,0,0.0442,0,0
3042.9,True,0,0.037,15.35,12.0,False,"{""capture"": ""running"", ""detector"": ""running"", ""streaming"": ""running"", ""recording"": ""running"", ""recognition"": ""running""}",25188,0,0.0468,0,0
3065.0,True,0,0.045,14.68,12.0,False,"{""capture"": ""running"", ""detector"": ""running"", ""streaming"": ""running"", ""recording"": ""running"", ""recognition"": ""running""}",25371,0,0.0471,0,0
3087.0,True,0,0.044,15.17,12.0,False,"{""capture"": ""running"", ""detector"": ""running"", ""streaming"": ""running"", ""recording"": ""running"", ""recognition"": ""running""}",25553,0,0.0469,0,0
3109.0,True,0,0.051,15.04,12.0,False,"{""capture"": ""running"", ""detector"": ""running"", ""streaming"": ""running"", ""recording"": ""running"", ""recognition"": ""running""}",25735,0,0.043,0,0
3131.1,True,0,0.084,15.16,12.0,False,"{""capture"": ""running"", ""detector"": ""running"", ""streaming"": ""running"", ""recording"": ""running"", ""recognition"": ""running""}",25915,0,0.0476,0,0
3153.1,True,0,12.578,14.9,12.0,False,"{""capture"": ""running"", ""detector"": ""running"", ""streaming"": ""running"", ""recording"": ""running"", ""recognition"": ""running""}",25992,0,0.0465,0,0
3175.1,True,0,4.575,0.91,12.0,False,"{""capture"": ""running"", ""detector"": ""running"", ""streaming"": ""running"", ""recording"": ""running"", ""recognition"": ""running""}",25993,0,0.0466,0,0
3197.2,True,0,26.628,0.91,12.0,False,"{""capture"": ""running"", ""detector"": ""running"", ""streaming"": ""running"", ""recording"": ""running"", ""recognition"": ""running""}",25993,0,0.0466,0,0
3219.2,True,0,18.575,0.47,12.0,False,"{""capture"": ""running"", ""detector"": ""running"", ""streaming"": ""running"", ""recording"": ""running"", ""recognition"": ""running""}",25994,0,0.0467,0,0
3241.3,False,0,40.614,0.47,12.0,False,"{""capture"": ""running"", ""detector"": ""running"", ""streaming"": ""running"", ""recording"": ""running"", ""recognition"": ""running""}",25994,0,0.0467,0,0
3263.3,False,0,62.663,0.47,12.0,False,"{""capture"": ""running"", ""detector"": ""running"", ""streaming"": ""running"", ""recording"": ""running"", ""recognition"": ""running""}",25994,0,0.0467,0,0
3285.4,False,0,84.723,0.47,12.0,False,"{""capture"": ""running"", ""detector"": ""running"", ""streaming"": ""running"", ""recording"": ""running"", ""recognition"": ""running""}",25994,0,0.0467,0,0
3307.4,False,0,106.777,0.47,12.0,False,"{""capture"": ""running"", ""detector"": ""running"", ""streaming"": ""running"", ""recording"": ""running"", ""recognition"": ""running""}",25994,0,0.0467,0,0
3329.5,False,0,128.815,0.47,12.0,False,"{""capture"": ""running"", ""detector"": ""running"", ""streaming"": ""running"", ""recording"": ""running"", ""recognition"": ""running""}",25994,0,0.0467,0,0
3351.5,False,0,150.867,0.47,12.0,False,"{""capture"": ""running"", ""detector"": ""running"", ""streaming"": ""running"", ""recording"": ""running"", ""recognition"": ""running""}",25994,0,0.0467,0,0
3373.5,False,0,172.899,0.47,12.0,False,"{""capture"": ""running"", ""detector"": ""running"", ""streaming"": ""running"", ""recording"": ""running"", ""recognition"": ""running""}",25994,0,0.0467,0,0
3395.6,False,0,194.944,0.47,12.0,False,"{""capture"": ""running"", ""detector"": ""running"", ""streaming"": ""running"", ""recording"": ""running"", ""recognition"": ""running""}",25994,0,0.0467,0,0
3417.6,False,0,217.002,0.47,12.0,False,"{""capture"": ""running"", ""detector"": ""running"", ""streaming"": ""running"", ""recording"": ""running"", ""recognition"": ""running""}",25994,0,0.0467,0,0
3439.7,False,0,239.035,0.47,12.0,False,"{""capture"": ""running"", ""detector"": ""running"", ""streaming"": ""running"", ""recording"": ""running"", ""recognition"": ""running""}",25994,0,0.0467,0,0
3461.7,False,0,261.071,0.47,12.0,False,"{""capture"": ""running"", ""detector"": ""running"", ""streaming"": ""running"", ""recording"": ""running"", ""recognition"": ""running""}",25994,0,0.0467,0,0
3483.8,False,0,283.098,0.47,12.0,False,"{""capture"": ""running"", ""detector"": ""running"", ""streaming"": ""running"", ""recording"": ""running"", ""recognition"": ""running""}",25994,0,0.0467,0,0
3505.8,False,0,305.155,0.47,12.0,False,"{""capture"": ""running"", ""detector"": ""running"", ""streaming"": ""running"", ""recording"": ""running"", ""recognition"": ""running""}",25994,0,0.0467,0,0
3527.8,False,0,327.177,0.47,12.0,False,"{""capture"": ""running"", ""detector"": ""running"", ""streaming"": ""running"", ""recording"": ""running"", ""recognition"": ""running""}",25994,0,0.0467,0,0
3549.9,False,0,349.214,0.47,12.0,False,"{""capture"": ""running"", ""detector"": ""running"", ""streaming"": ""running"", ""recording"": ""running"", ""recognition"": ""running""}",25994,0,0.0467,0,0
3571.9,False,0,371.252,0.47,12.0,False,"{""capture"": ""running"", ""detector"": ""running"", ""streaming"": ""running"", ""recording"": ""running"", ""recognition"": ""running""}",25994,0,0.0467,0,0
3593.9,False,0,393.284,0.47,12.0,False,"{""capture"": ""running"", ""detector"": ""running"", ""streaming"": ""running"", ""recording"": ""running"", ""recognition"": ""running""}",25994,0,0.0467,0,0
